rank,company,industry,city,state,zip,website,employees,revenue_in_millions_usd,valuation_in_millions_usd,profits_in_millions_usd,profits_percent_of_sales,symbol,ceo
1,Walmart,General Merchandisers,Bentonville,Arkansas,72716,www.walmart.com,2100000,611289,397475,11680,1.9,WMT,Douglas McMillon
2,Amazon.com,Internet Services and Retailing,Seattle,Washington,98109,www.amazon.com,1541000,513983,1058440,-2722,-0.5,AMZN,Andrew R. Jassy
3,Exxon Mobil,Petroleum Refining,Irving,Texas,75039,www.exxonmobil.com,62000,413680,446424,55740,13.5,XOM,Darren W. Woods
4,Apple,"Computers, Office Equipment",Cupertino,California,95014,www.apple.com,164000,394328,2609039,99803,25.3,AAPL,Timothy D. Cook
5,UnitedHealth Group,Health Care: Insurance and Managed Care,Minnetonka,Minnesota,55343,www.unitedhealthgroup.com,400000,324162,440854,20120,6.2,UNH,Andrew P. Witty
6,CVS Health,Health Care: Pharmacy and Other Services,Woonsocket,Rhose Island,2895,www.cvshealth.com,259500,322467,95422,4149,1.3,CVS,Karen S. Lynch
7,Berkshire Hathaway,Insurance: Property and Casualty (Stock),Omaha,Nebraska,68131,www.berkshirehathaway.com,383000,302089,675657,-22819,-7.6,BRKA,Warren E. Buffett
8,Alphabet,Internet Services and Retailing,Mountain View,California,94043,www.abc.xyz,190234,282836,1330201,59972,21.2,GOOGL,Sundar Pichai
9,McKesson,Wholesalers: Health Care,Irving,Texas,75039,www.mckesson.com,66500,263966,48757,1114,0.4,MCK,Brian S. Tyler
10,Chevron,Petroleum Refining,San Ramon,California,94583,www.chevron.com,43846,246252,311093,35465,14.4,CVX,Michael K. Wirth
11,AmerisourceBergen,Wholesalers: Health Care,Conshohocken,Pennsylvania,19428,www.amerisourcebergen.com,41500,238587,32384,1699,0.7,ABC,Steven H. Collis
12,Costco Wholesale,General Merchandisers,Issaquah,Washington,98027,www.costco.com,304000,226954,220354,5844,2.6,COST,Craig Jelinek
13,Microsoft,Computer Software,Redmond,Washington,98052,www.microsoft.com,221000,198270,2146049,72738,36.7,MSFT,Satya Nadella
14,Cardinal Health,Wholesalers: Health Care,Dublin,Ohio,43017,www.cardinalhealth.com,46035,181364,19452,-933,-0.5,CAH,Jason Hollar
15,Cigna Group,Health Care: Pharmacy and Other Services,Bloomfield,Connecticut,6002,www.thecignagroup.com,70231,180516,75901,6668,3.7,CI,David M. Cordani
16,Marathon Petroleum,Petroleum Refining,Findlay,Ohio,45840,www.marathonpetroleum.com,17800,180012,59544,14516,8.1,MPC,Michael J. Hennigan
17,Phillips 66,Petroleum Refining,Houston,Texas,77042,www.phillips66.com,13000,175702,46727,11024,6.3,PSX,Mark Lashier
18,Valero Energy,Petroleum Refining,San Antonio,Texas,78249,www.valero.com,9743,171189,51351,11528,6.7,VLO,Joseph W. Gorder
19,Ford Motor,Motor Vehicles & Parts,Dearborn,Michigan,48126,www.ford.com,173000,158057,50400,-1981,-1.3,F,Jim Farley
20,Home Depot,Specialty Retailers: Other,Atlanta,Georgia,30339,www.homedepot.com,471600,157403,299534,17105,10.9,HD,Ted Decker
21,General Motors,Motor Vehicles & Parts,Detroit,Michigan,48265,www.gm.com,167000,156735,51155,9934,6.3,GM,Mary T. Barra
22,Elevance Health,Health Care: Insurance and Managed Care,Indianapolis,Indiana,46204,www.elevancehealth.com,102300,156595,109098,6025,3.8,ELV,Gail K. Boudreaux
23,JPMorgan Chase,Commercial Banks,New York,New York,10179,www.jpmorganchase.com,293723,154792,383549,37676,24.3,JPM,Jamie Dimon
24,Kroger,Food and Drug Stores,Cincinnati,Ohio,45202,www.thekrogerco.com,430000,148258,35421,2244,1.5,KR,Rodney Mcmullen
25,Centene,Health Care: Insurance and Managed Care,St. Louis,Missouri,63105,www.centene.com,74300,144547,34810,1202,0.8,CNC,Sarah M. London
26,Verizon Communications,Telecommunications,New York,New York,10036,www.verizon.com,117100,136835,163333,21256,15.5,VZ,Hans E. Vestberg
27,Walgreens Boots Alliance,Food and Drug Stores,Deerfield,Illinois,60015,www.walgreensbootsalliance.com,262500,132703,29836,4337,3.3,WBA,Roz Brewer
28,Fannie Mae,Diversified Financials,Washington,District of Columbia,20005,www.fanniemae.com,8000,121596,475,12923,10.6,FNMA,Priscilla Almodovar
29,Comcast,Telecommunications,Philadelphia,Pennsylvania,19103,www.comcastcorporation.com,186000,121427,159831,5370,4.4,CMCSA,Brian L. Roberts
30,AT&T,Telecommunications,Dallas,Texas,75202,www.att.com,160700,120741,137250,-8524,-7.1,T,John T. Stankey
31,Meta Platforms,Internet Services and Retailing,Menlo Park,California,94025,www.fb.com,86482,116609,549484,23200,19.9,META,Mark Zuckerberg
32,Bank of America,Commercial Banks,Charlotte,North Carolina,28255,www.bankofamerica.com,216823,115053,228780,27528,23.9,BAC,
33,Target,General Merchandisers,Minneapolis,Minnesota,55403,www.target.com,440000,109120,76250,2780,2.5,TGT,Brian C. Cornell
34,Dell Technologies,"Computers, Office Equipment",Round Rock,Texas,78682,www.delltechnologies.com,133000,102301,29402,2442,2.4,DELL,Michael S. Dell
35,Archer Daniels Midland,Food Production,Chicago,Illinois,60601,www.adm.com,41181,101556,43530,4340,4.3,ADM,Juan R. Luciano
36,Citigroup,Commercial Banks,New York,New York,10013,www.citigroup.com,238104,101078,91270,14845,14.7,C,Jane Fraser
37,United Parcel Service,"Mail, Package and Freight Delivery",Atlanta,Georgia,30328,www.ups.com,404700,100338,166189,11548,11.5,UPS,Carol B. Tome
38,Pfizer,Pharmaceuticals,New York,New York,10001,www.pfizer.com,83000,100330,230292,31372,31.3,PFE,Albert Bourla
39,Lowe's,Specialty Retailers: Other,Mooresville,North Carolina,28117,www.lowes.com,244500,97059,119253,6437,6.6,LOW,Marvin R. Ellison
40,Johnson & Johnson,Pharmaceuticals,New Brunswick,New Jersey,8933,www.jnj.com,152700,94943,483576,17941,18.9,JNJ,
41,FedEx,"Mail, Package and Freight Delivery",Memphis,Tennessee,38120,www.fedex.com,464400,93512,57431,3826,4.1,FDX,Raj Subramaniam
42,Humana,Health Care: Insurance and Managed Care,Louisville,Kentucky,40202,www.humana.com,67100,92870,60719,2806,3,HUM,Bruce D. Broussard
43,Energy Transfer,Pipelines,Dallas,Texas,75225,www.energytransfer.com,12565,89876,38590,4756,5.3,ET,Thomas E. Long
44,State Farm Insurance,Insurance: Property and Casualty (Mutual),Bloomington,Illinois,61710,www.statefarm.com,60519,89328,,-6654,-7.4,,Michael L. Tipsord
45,Freddie Mac,Diversified Financials,McLean,Virginia,22102,www.freddiemac.com,7819,86717,266,9327,10.8,FMCC,Michael Devito
46,PepsiCo,Food Consumer Products,Purchase,New York,10577,www.pepsico.com,315000,86392,251085,8910,10.3,PEP,Ramon L. Laguarta
47,Wells Fargo,Commercial Banks,San Francisco,California,94104,www.wellsfargo.com,238000,82859,141188,13182,15.9,WFC,Charles W. Scharf
48,Walt Disney,Entertainment,Burbank,California,91521,www.thewaltdisneycompany.com,195800,82722,182920,3145,3.8,DIS,Robert A. Chapek
49,ConocoPhillips,"Mining, Crude-Oil Production",Houston,Texas,77079,www.conocophillips.com,9500,82156,120777,18680,22.7,COP,Ryan M. Lance
50,Tesla,Motor Vehicles & Parts,Austin,Texas,78725,www.tesla.com,127855,81462,656425,12556,15.4,TSLA,
51,Procter & Gamble,Household and Personal Products,Cincinnati,Ohio,45202,www.pg.com,106000,80187,350781,14742,18.4,PG,Jon R. Moeller
52,General Electric,Industrial Machinery,Boston,Massachusetts,2210,www.ge.com,172000,76555,104231,225,0.3,GE,Lawrence Culp
53,Albertsons,Food and Drug Stores,Boise,Idaho,83706,www.albertsonscompanies.com,195750,71887,11132,1620,2.3,ACI,Vivek Sankaran
54,MetLife,"Insurance: Life, Health (Stock)",New York,New York,10166,www.metlife.com,45000,69898,44867,2539,3.6,MET,Michel A. Khalaf
55,Goldman Sachs Group,Commercial Banks,New York,New York,10282,www.goldmansachs.com,48500,68711,113964,11261,16.4,GS,David M. Solomon
56,Sysco,Wholesalers: Food and Grocery,Houston,Texas,77077,www.sysco.com,70510,68636,39202,1359,2,SYY,Kevin P. Hourican
57,Raytheon Technologies,Aerospace & Defense,Arlington,Virginia,22209,www.rtx.com,182000,67074,143292,5197,7.7,RTX,Gregory J. Hayes
58,Boeing,Aerospace & Defense,Arlington,Virginia,22202,www.boeing.com,156000,66608,127283,-4935,-7.4,BA,David L. Calhoun
59,StoneX Group,Diversified Financials,New York,New York,10169,www.stonex.com,3615,66036,2138,207,0.3,SNEX,Sean M. O'Connor
60,Lockheed Martin,Aerospace & Defense,Bethesda,Maryland,20817,www.lockheedmartin.com,116000,65984,120319,5732,8.7,LMT,Jim Taiclet
61,Morgan Stanley,Commercial Banks,New York,New York,10036,www.morganstanley.com,82427,65936,147674,11029,16.7,MS,James P. Gorman
62,Intel,Semiconductors and Other Electronic Components,Santa Clara,California,95054,www.intel.com,131900,63054,136268,8014,12.7,INTC,Patrick P. Gelsinger
63,HP,"Computers, Office Equipment",Palo Alto,California,94304,www.hp.com,58000,62983,28919,3203,5.1,HPQ,Enrique J. Lores
64,TD Synnex,Wholesalers: Electronics and Office Equipment,Fremont,California,94538,www.tdsynnex.com,28500,62344,9061,651,1,SNX,Richard T. Hume
65,International Business Machines,Information Technology Services,Armonk,New York,10504,www.ibm.com,303100,60530,118913,1639,2.7,IBM,Arvind Krishna
66,HCA Healthcare,Health Care: Medical Facilities,Nashville,Tennessee,37203,www.hcahealthcare.com,250500,60233,73107,5643,9.4,HCA,Samuel N. Hazen
67,Prudential Financial,"Insurance: Life, Health (Stock)",Newark,New Jersey,7102,www.prudential.com,39583,60050,30363,-1438,-2.4,PRU,Charles F. Lowrey
68,Caterpillar,Construction and Farm Machinery,Irving,Texas,75039,www.caterpillar.com,109100,59427,118161,6705,11.3,CAT,Jim Umpleby
69,Merck,Pharmaceuticals,Rahway,New Jersey,7065,www.merck.com,68000,59283,270081,14519,24.5,MRK,
70,World Fuel Services,Energy,Miami,Florida,33178,www.wfscorp.com,5214,59043,1585,114,0.2,INT,Michael J. Kasbar
71,New York Life Insurance,"Insurance: Life, Health (Mutual)",New York,New York,10010,www.newyorklife.com,15050,58445,,-1127,-1.9,,Craig Desanto
72,Enterprise Products Partners,Pipelines,Houston,Texas,77002,www.enterpriseproducts.com,7300,58186,56224,5490,9.4,EPD,James Teague
73,AbbVie,Pharmaceuticals,North Chicago,Illinois,60064,www.abbvie.com,50000,58054,281151,11836,20.4,ABBV,Richard A. Gonzalez
74,Plains GP Holdings,Pipelines,Houston,Texas,77002,www.plains.com,4100,57342,2551,168,0.3,PAGP,Willie Chiang
75,Dow,Chemicals,Midland,Michigan,48674,www.dow.com,37800,56902,38812,4582,8.1,DOW,James R. Fitterling
76,American International Group,Insurance: Property and Casualty (Stock),New York,New York,10020,www.aig.com,26200,56437,36948,10276,18.2,AIG,Peter S. Zaffino
77,American Express,Diversified Financials,New York,New York,10285,www.americanexpress.com,77300,55625,122734,7514,13.5,AXP,
78,Publix Super Markets,Food and Drug Stores,Lakeland,Florida,33811,www.publix.com,242000,54942,,2918,5.3,,Todd Jones
79,Charter Communications,Telecommunications,Stamford,Connecticut,6902,www.charter.com,101700,54022,60477,5055,9.4,CHTR,Christopher Winfrey
80,Tyson Foods,Food Production,Springdale,Arkansas,72762,www.tysonfoods.com,142000,53282,21096,3238,6.1,TSN,Donnie D. King
81,Deere,Construction and Farm Machinery,Moline,Illinois,61265,www.deere.com,82239,52577,122346,7131,13.6,DE,John C. May
82,Cisco Systems,Network and Other Communications Equipment,San Jose,California,95134,www.cisco.com,83300,51557,214109,11812,22.9,CSCO,Chuck Robbins
83,Nationwide,Insurance: Property and Casualty (Mutual),Columbus,Ohio,43215,www.nationwide.com,24791,51450,,988,1.9,,Kirt A. Walker
84,Allstate,Insurance: Property and Casualty (Stock),Northbrook,Illinois,60062,www.allstate.com,54250,51412,29180,-1311,-2.6,ALL,Tom Wilson
85,Delta Air Lines,Airlines,Atlanta,Georgia,30354,www.delta.com,95000,50582,22392,1318,2.6,DAL,Ed Bastian
86,Liberty Mutual Insurance Group,Insurance: Property and Casualty (Stock),Boston,Massachusetts,2116,www.libertymutual.com,50000,49956,,414,0.8,,Timothy Sweeney
87,TJX,Specialty Retailers: Apparel,Framingham,Massachusetts,1701,www.tjx.com,329000,49936,90315,3498,7,TJX,Ernie L. Herrman
88,Progressive,Insurance: Property and Casualty (Stock),Mayfield Village,Ohio,44143,www.progressive.com,55063,49611,83743,722,1.5,PGR,Tricia Griffith
89,American Airlines Group,Airlines,Fort Worth,Texas,76155,www.aa.com,129700,48971,9629,127,0.3,AAL,Robert D. Isom
90,CHS,Food Production,Inver Grove Heights,Minnesota,55077,www.chsinc.com,10014,47792,,1679,3.5,,Jay D. Debertin
91,Performance Food Group,Wholesalers: Food and Grocery,Richmond,Virginia,23238,www.pfgc.com,34825,47194,9422,113,0.2,PFGC,George L. Holm
92,PBF Energy,Petroleum Refining,Parsippany,New Jersey,7054,www.pbfenergy.com,3616,46830,5589,2877,6.1,PBF,Thomas J. Nimbley
93,Nike,Apparel,Beaverton,Oregon,97005,www.nike.com,79100,46710,190161,6046,12.9,NKE,John Donahoe
94,Best Buy,Specialty Retailers: Other,Richfield,Minnesota,55423,www.investors.bestbuy.com,71100,46298,17066,1419,3.1,BBY,Corie S. Barry
95,Bristol-Myers Squibb,Pharmaceuticals,New York,New York,10016,www.bms.com,34300,46159,145780,6327,13.7,BMY,Giovanni Caforio
96,United Airlines Holdings,Airlines,Chicago,Illinois,60606,www.united.com,92795,44955,14474,737,1.6,UAL,Scott Kirby
97,Thermo Fisher Scientific,"Scientific, Photographic and Control Equipment",Waltham,Massachusetts,2451,www.thermofisher.com,130000,44915,222150,6950,15.5,TMO,Marc N. Casper
98,Qualcomm,Semiconductors and Other Electronic Components,San Diego,California,92121,www.qualcomm.com,51000,44200,142252,12936,29.3,QCOM,
99,Abbott Laboratories,Medical Products and Equipment,Abbott Park,Illinois,60064,www.abbott.com,115000,43653,175984,6933,15.9,ABT,Robert B. Ford
100,Coca-Cola,Beverages,Atlanta,Georgia,30313,www.coca-colacompany.com,82500,43004,268361,9542,22.2,KO,James R. Quincey
101,Oracle,Computer Software,Austin,Texas,78741,www.oracle.com,143000,42440,250866,6717,15.8,ORCL,Safra A. Catz
102,Nucor,Metals,Charlotte,North Carolina,28211,www.nucor.com,31400,41513,38917,7607,18.3,NUE,Leon J. Topalian
103,TIAA,"Insurance: Life, Health (Mutual)",New York,New York,10017,www.tiaa.org,16070,40911,,494,1.2,,
104,Massachusetts Mutual Life Insurance,"Insurance: Life, Health (Mutual)",Springfield,Massachusetts,1111,www.massmutual.com,10662,40281,,1485,3.7,,Roger W. Crandall
105,General Dynamics,Aerospace & Defense,Reston,Virginia,20190,www.gd.com,106500,39407,62692,3390,8.6,GD,Phebe N. Novakovic
106,Capital One Financial,Commercial Banks,McLean,Virginia,22102,www.capitalone.com,55943,38373,36776,7360,19.2,COF,Richard D. Fairbank
107,HF Sinclair,Petroleum Refining,Dallas,Texas,75201,www.hfsinclair.com,5223,38205,9492,2923,7.7,DINO,Tim Go
108,Dollar General,Specialty Retailers: Other,Goodlettsville,Tennessee,37072,www.dollargeneral.com,170000,37845,46114,2416,6.4,DG,Jeffery Owen
109,Arrow Electronics,Wholesalers: Electronics and Office Equipment,Centennial,Colorado,80112,www.arrow.com,22300,37124,7278,1427,3.8,ARW,Sean J. Kerins
110,Occidental Petroleum,"Mining, Crude-Oil Production",Houston,Texas,77046,www.oxy.com,11973,37095,56069,13304,35.9,OXY,Vicki Hollub
111,Northwestern Mutual,"Insurance: Life, Health (Mutual)",Milwaukee,Wisconsin,53202,www.northwesternmutual.com,8323,36921,,912,2.5,,John Schlifske
112,Travelers,Insurance: Property and Casualty (Stock),New York,New York,10017,www.travelers.com,32175,36884,39783,2842,7.7,TRV,Alan Schnitzer
113,Northrop Grumman,Aerospace & Defense,Falls Church,Virginia,22042,www.northropgrumman.com,95000,36602,70203,4896,13.4,NOC,Kathy Warden
114,United Services Automobile Assn.,Insurance: Property and Casualty (Stock),San Antonio,Texas,78288,www.usaa.com,36820,36297,,-1296,-3.6,,Wayne Peacock
115,Honeywell International,"Electronics, Electrical Equip.",Charlotte,North Carolina,28202,www.honeywell.com,97000,35466,127695,4966,14,HON,Vimal Kapur
116,3M,Chemicals,St. Paul,Minnesota,55144,www.3m.com,92000,34229,57965,5777,16.9,MMM,Michael F. Roman
117,US Foods Holding,Wholesalers: Food and Grocery,Rosemont,Illinois,60018,www.usfoods.com,29000,34057,8568,265,0.8,USFD,David Flitman
118,Warner Bros. Discovery,Entertainment,New York,New York,10003,www.wbd.com,37500,33817,36778,-7371,-21.8,WBD,David M. Zaslav
119,Lennar,Homebuilders,Miami,Florida,33126,www.lennar.com,12012,33671,29726,4614,13.7,LEN,Jonathan M. Jaffe
120,D.R. Horton,Homebuilders,Arlington,Texas,76011,www.drhorton.com,13237,33480,33546,5858,17.5,DHI,David V. Auld
121,Jabil,Semiconductors and Other Electronic Components,St. Petersburg,Florida,33716,www.jabil.com,250000,33478,11750,996,3,JBL,Mark T. Mondello
122,Cheniere Energy,Pipelines,Houston,Texas,77002,www.cheniere.com,1551,33428,38408,1428,4.3,LNG,Jack A. Fusco
123,Broadcom,Semiconductors and Other Electronic Components,San Jose,California,95131,www.broadcom.com,20000,33203,267473,11495,34.6,AVGO,Hock E. Tan
124,CarMax,"Automotive Retailing, Services",Richmond,Virginia,23238,www.carmax.com,32647,33197,10158,1151,3.5,KMX,William D. Nash
125,Starbucks,Food Services,Seattle,Washington,98134,www.starbucks.com,402000,32250,119677,3282,10.2,SBUX,Laxman Narasimhan
126,Molina Healthcare,Health Care: Insurance and Managed Care,Long Beach,California,90802,www.molinahealthcare.com,15000,31974,15586,792,2.5,MOH,Joseph M. Zubretsky
127,Uber Technologies,Internet Services and Retailing,San Francisco,California,94158,www.uber.com,32800,31877,63840,-9141,-28.7,UBER,Dara Khosrowshahi
128,Philip Morris International,Tobacco,Stamford,Connecticut,6901,www.pmi.com,79800,31762,150946,9048,28.5,PM,Jacek Olczak
129,Netflix,Entertainment,Los Gatos,California,95032,www.netflix.com,12800,31616,153858,4492,14.2,NFLX,Ted Sarandos
130,NRG Energy,Energy,Houston,Texas,77002,www.nrg.com,6603,31543,7965,1221,3.9,NRG,Mauricio Gutierrez
131,Mondelez International,Food Consumer Products,Chicago,Illinois,60607,www.mondelezinternational.com,91000,31496,95050,2717,8.6,MDLZ,Dirk Van De Put
132,Danaher,Medical Products and Equipment,Washington,District of Columbia,20037,www.danaher.com,80000,31471,183764,7209,22.9,DHR,Rainer M. Blair
133,Salesforce,Computer Software,San Francisco,California,94105,www.salesforce.com,79390,31352,199780,208,0.7,CRM,Marc R. Benioff
134,Paramount Global,Entertainment,New York,New York,10036,www.paramount.com,27400,31331,14657,1104,3.5,PARA,Robert M. Bakish
135,CBRE Group,Real Estate,Dallas,Texas,75201,www.cbre.com,115000,30828,22563,1407,4.6,CBRE,
136,Micron Technology,Semiconductors and Other Electronic Components,Boise,Idaho,83716,www.micron.com,48000,30758,66036,8687,28.2,MU,Sanjay Mehrotra
137,Visa,Financial Data Services,San Francisco,California,94105,www.visa.com,26500,29310,475307,14957,51,V,Ryan Mcinerney
138,Southern,Utilities: Gas and Electric,Atlanta,Georgia,30308,www.southerncompany.com,27562,29279,75948,3524,12,SO,Christopher C. Womack
139,United Natural Foods,Wholesalers: Food and Grocery,Providence,Rhose Island,2908,www.unfi.com,30300,28928,1565,248,0.9,UNFI,Sandy Douglas
140,Paccar,Motor Vehicles & Parts,Bellevue,Washington,98004,www.paccar.com,31100,28820,38251,3012,10.4,PCAR,Preston Feight
141,Duke Energy,Utilities: Gas and Electric,Charlotte,North Carolina,28202,www.duke-energy.com,27859,28784,74344,2550,8.9,DUK,Lynn J. Good
142,Eli Lilly,Pharmaceuticals,Indianapolis,Indiana,46285,www.lilly.com,39000,28541,326351,6245,21.9,LLY,David A. Ricks
143,Hewlett Packard Enterprise,"Computers, Office Equipment",Spring,Texas,77389,www.hpe.com,60200,28496,20643,868,3,HPE,Antonio F. Neri
144,Dollar Tree,Specialty Retailers: Other,Chesapeake,Virginia,23320,www.dollartree.com,136287,28332,31757,1615,5.7,DLTR,Rick Dreiling
145,Lithia Motors,"Automotive Retailing, Services",Medford,Oregon,97501,www.lithiadriveway.com,21875,28188,6337,1251,4.4,LAD,Bryan B. Deboer
146,Cummins,Industrial Machinery,Columbus,Indiana,47201,www.cummins.com,73600,28074,33811,2151,7.7,CMI,Jennifer Rumsey
147,Penske Automotive Group,"Automotive Retailing, Services",Bloomfield Hills,Michigan,48302,www.penskeautomotive.com,26816,27815,9795,1380,5,PAG,Roger S. Penske
148,PayPal Holdings,Financial Data Services,San Jose,California,95131,www.paypal.com,29900,27518,85917,2419,8.8,PYPL,Daniel H. Schulman
149,U.S. Bancorp,Commercial Banks,Minneapolis,Minnesota,55402,www.usbank.com,76646,27401,55221,5825,21.3,USB,Andrew J. Cecere
150,Gilead Sciences,Pharmaceuticals,Foster City,California,94404,www.gilead.com,17000,27281,103614,4592,16.8,GILD,Daniel P. O'Day
151,AutoNation,"Automotive Retailing, Services",Fort Lauderdale,Florida,33301,www.autonation.com,23600,26985,6301,1377,5.1,AN,Michael Manley
152,Nvidia,Semiconductors and Other Electronic Components,Santa Clara,California,95051,www.nvidia.com,26196,26974,686092,4368,16.2,NVDA,Jen-Hsun Huang
153,Kraft Heinz,Food Consumer Products,Chicago,Illinois,60601,www.kraftheinzcompany.com,37000,26485,47448,2363,8.9,KHC,Miguel Patricio
154,Amgen,Pharmaceuticals,Thousand Oaks,California,91320,www.amgen.com,25200,26323,129089,6552,24.9,AMGN,Robert A. Bradway
155,Applied Materials,Semiconductors and Other Electronic Components,Santa Clara,California,95054,www.appliedmaterials.com,33000,25785,103806,6525,25.3,AMAT,Gary E. Dickerson
156,EOG Resources,"Mining, Crude-Oil Production",Houston,Texas,77002,www.eogresources.com,2850,25702,67371,7759,30.2,EOG,Ezra Yacob
157,Truist Financial,Commercial Banks,Charlotte,North Carolina,28202,www.truist.com,53987,25356,45290,6260,24.7,TFC,William H. Rogers Jr.
158,Macy's,General Merchandisers,New York,New York,10001,www.macysinc.com,94570,25305,4747,1177,4.7,M,Jeffrey Gennette
159,Union Pacific,Railroads,Omaha,Nebraska,68179,www.up.com,33179,24875,123146,6998,28.1,UNP,Lance M. Fritz
160,C.H. Robinson Worldwide,Transportation and Logistics,Eden Prairie,Minnesota,55347,www.chrobinson.com,17399,24697,11417,941,3.8,CHRW,Scott Anderson
161,Rite Aid,Food and Drug Stores,Philadelphia,Pennsylvania,19112,www.riteaid.com,53000,24568,127,-539,-2.2,RAD,
162,Constellation Energy,Energy,Baltimore,Maryland,21231,www.constellationenergy.com,13370,24440,25712,-160,-0.7,CEG,Joseph Dominguez
163,Avnet,Wholesalers: Electronics and Office Equipment,Phoenix,Arizona,85034,www.avnet.com,15300,24311,4130,692,2.8,AVT,Philip R. Gallagher
164,Pioneer Natural Resources,"Mining, Crude-Oil Production",Irving,Texas,75038,www.pxd.com,2076,24294,47997,7845,32.3,PXD,Scott D. Sheffield
165,Southwest Airlines,Airlines,Dallas,Texas,75235,www.southwest.com,66656,23814,19338,539,2.3,LUV,Robert E. Jordan
166,CDW,Information Technology Services,Lincolnshire,Illinois,60069,www.cdw.com,15100,23749,26337,1115,4.7,CDW,Christine A. Leahy
167,Advanced Micro Devices,Semiconductors and Other Electronic Components,Santa Clara,California,95054,www.amd.com,25000,23601,157738,1320,5.6,AMD,Lisa T. Su
168,PNC Financial Services Group,Commercial Banks,Pittsburgh,Pennsylvania,15222,www.pnc.com,60720,23542,50800,6041,25.7,PNC,William S. Demchak
169,McDonald's,Food Services,Chicago,Illinois,60607,www.investor.mcdonalds.com,150000,23183,204534,6177,26.6,MCD,Christopher J. Kempczinski
170,Cleveland-Cliffs,Metals,Cleveland,Ohio,44114,www.clevelandcliffs.com,27000,22989,9436,1335,5.8,CLF,Lourenco Goncalves
171,Freeport-McMoRan,"Mining, Crude-Oil Production",Phoenix,Arizona,85004,www.fcx.com,25600,22780,58530,3468,15.2,FCX,Richard C. Adkerson
172,Builders FirstSource,"Building Materials, Glass",Dallas,Texas,75201,www.bldr.com,29000,22726,12253,2749,12.1,BLDR,Dave Rush
173,Oneok,Pipelines,Tulsa,Oklahoma,74103,www.oneok.com,2966,22387,28416,1722,7.7,OKE,Pierce Norton
174,Hartford Financial Services Group,Insurance: Property and Casualty (Stock),Hartford,Connecticut,6155,www.thehartford.com,18800,22362,21817,1815,8.1,HIG,Christopher J. Swift
175,Charles Schwab,Securities,Westlake,Texas,76262,www.aboutschwab.com,35300,22307,95264,7183,32.2,SCHW,Walter W. Bettinger
176,Steel Dynamics,Metals,Fort Wayne,Indiana,46804,www.steeldynamics.com,12060,22261,19286,3863,17.4,STLD,Mark D. Millett
177,Mastercard,Financial Data Services,Purchase,New York,10577,www.mastercard.com,29900,22237,346418,9930,44.7,MA,Michael Miebach
178,Sherwin-Williams,Chemicals,Cleveland,Ohio,44115,www.sherwin.com,64366,22149,58090,2020,9.1,SHW,
179,Genuine Parts,Wholesalers: Diversified,Atlanta,Georgia,30339,www.genpt.com,58000,22096,23559,1183,5.4,GPC,Paul Donahue
180,PG&E,Utilities: Gas and Electric,Oakland,California,94612,www.pgecorp.com,26010,21680,32154,1800,8.3,PCG,
181,WESCO International,Wholesalers: Diversified,Pittsburgh,Pennsylvania,15219,www.wesco.com,20000,21420,7897,861,4,WCC,John J. Engel
182,Murphy USA,Specialty Retailers: Other,El Dorado,Arkansas,71730,www.murphyusa.com,10550,21266,5621,673,3.2,MUSA,Andrew Clyde
183,WestRock,"Packaging, Containers",Atlanta,Georgia,30328,www.westrock.com,50500,21257,7759,945,4.4,WRK,David Sewell
184,International Paper,"Packaging, Containers",Memphis,Tennessee,38197,www.internationalpaper.com,39000,21161,12598,1504,7.1,IP,Mark S. Sutton
185,Baker Hughes,"Oil and Gas Equipment, Services",Houston,Texas,77073,www.bakerhughes.com,55000,21156,29386,-601,-2.8,BKR,Lorenzo Simonelli
186,United States Steel,Metals,Pittsburgh,Pennsylvania,15219,www.ussteel.com,22740,21065,5930,2524,12,X,David B. Burritt
187,NextEra Energy,Utilities: Gas and Electric,Juno Beach,Florida,33408,www.nexteraenergy.com,15300,20956,153196,4147,19.8,NEE,John W. Ketchum
188,Targa Resources,Pipelines,Houston,Texas,77002,www.targaresources.com,2850,20930,16507,1196,5.7,TRGP,Matthew J. Meloy
189,Lear,Motor Vehicles & Parts,Southfield,Michigan,48033,www.lear.com,168700,20892,8248,328,1.6,LEA,Raymond E. Scott
190,Jones Lang LaSalle,Real Estate,Chicago,Illinois,60601,www.jll.com,103300,20862,6926,655,3.1,JLL,Christian Ulbrich
191,Goodyear Tire & Rubber,Motor Vehicles & Parts,Akron,Ohio,44316,www.goodyear.com,74000,20805,3122,202,1,GT,Richard J. Kramer
192,Marriott International,"Hotels, Casinos, Resorts",Bethesda,Maryland,20814,www.marriott.com,140000,20773,51287,2358,11.4,MAR,Anthony G. Capuano
193,Marsh & McLennan,Diversified Financials,New York,New York,10036,www.marshmclennan.com,85000,20720,82371,3050,14.7,MMC,John Q. Doyle
194,Altria Group,Tobacco,Richmond,Virginia,23230,www.altria.com,6300,20688,79672,5764,27.9,MO,Billy Gifford
195,Coupang,Internet Services and Retailing,Seattle,Washington,98101,www.aboutcoupang.com,63000,20583,28388,-92,-0.4,CPNG,Bom Kim
196,Carrier Global,Industrial Machinery,Palm Beach Gardens,Florida,33418,www.corporate.carrier.com,52000,20421,38199,3534,17.3,CARR,David Gitlin
197,Halliburton,"Oil and Gas Equipment, Services",Houston,Texas,77032,www.halliburton.com,45000,20297,28605,1572,7.7,HAL,Jeffrey A. Miller
198,Delek US Holdings,Petroleum Refining,Brentwood,Tennessee,37027,www.delekus.com,3746,20246,1538,257,1.3,DK,Avigal Soreq
199,Kimberly-Clark,Household and Personal Products,Irving,Texas,75038,www.kimberly-clark.com,44000,20175,45293,1934,9.6,KMB,Mike Hsu
200,Texas Instruments,Semiconductors and Other Electronic Components,Dallas,Texas,75243,www.ti.com,33000,20028,168775,8749,43.7,TXN,Haviv Ilan
201,Bank of New York Mellon,Commercial Banks,New York,New York,10286,www.bnymellon.com,51700,19991,36736,2573,12.9,BK,Robin Vince
202,ManpowerGroup,Temporary Help,Milwaukee,Wisconsin,53212,www.manpowergroup.com,30900,19828,4191,374,1.9,MAN,Jonas Prising
203,Whirlpool,"Electronics, Electrical Equip.",Benton Harbor,Michigan,49022,www.whirlpoolcorp.com,61000,19724,7197,-1519,-7.7,WHR,Marc R. Bitzer
204,Waste Management,Waste Management,Houston,Texas,77002,www.wm.com,49500,19698,66372,2238,11.4,WM,James C. Fish Jr.
205,American Electric Power,Utilities: Gas and Electric,Columbus,Ohio,43215,www.aep.com,16974,19640,46806,2307,11.7,AEP,Julie Sloat
206,Emerson Electric,Industrial Machinery,St. Louis,Montana,63136,www.emerson.com,85500,19629,49792,3231,16.5,EMR,Lal L. Karsanbhai
207,Aflac,"Insurance: Life, Health (Stock)",Columbus,Georgia,31999,www.aflac.com,12882,19502,39467,4201,21.5,AFL,Daniel P. Amos
208,Cognizant Technology Solutions,Information Technology Services,Teaneck,New Jersey,7666,www.cognizant.com,355300,19428,31031,2290,11.8,CTSH,Ravi Kumar S
209,Becton Dickinson,Medical Products and Equipment,Franklin Lakes,New Jersey,7417,www.bd.com,77000,19408,70277,1779,9.2,BDX,Tom Polen
210,BJ's Wholesale Club,General Merchandisers,Marlborough,Massachusetts,1752,www.bjs.com,34000,19315,10186,513,2.7,BJ,Robert W. Eddy
211,Moderna,Pharmaceuticals,Cambridge,Massachusetts,2139,www.modernatx.com,3900,19263,59232,8362,43.4,MRNA,Stephane Bancel
212,DTE Energy,Utilities: Gas and Electric,Detroit,Michigan,48226,www.dteenergy.com,10250,19228,22577,1083,5.6,DTE,Gerardo Norcia
213,Land O'Lakes,Food Consumer Products,Arden Hills,Minnesota,55126,www.landolakesinc.com,9000,19226,,241,1.3,,Beth E. Ford
214,Kinder Morgan,Pipelines,Houston,Texas,77002,www.kindermorgan.com,10525,19200,39363,2548,13.3,KMI,Steven J. Kean
215,Tenet Healthcare,Health Care: Medical Facilities,Dallas,Texas,75254,www.tenethealth.com,89088,19174,6077,411,2.1,THC,Saum Sutaria
216,Devon Energy,"Mining, Crude-Oil Production",Oklahoma City,Oklahoma,73102,www.devonenergy.com,1800,19169,33099,6015,31.4,DVN,Richard E. Muncrief
217,Mosaic,Chemicals,Tampa,Florida,33602,www.mosaicco.com,13570,19125,15438,3583,18.7,MOS,James C. O'Rourke
218,Exelon,Utilities: Gas and Electric,Chicago,Illinois,60603,www.exeloncorp.com,19063,19078,41651,2170,11.4,EXC,Calvin G. Butler
219,General Mills,Food Consumer Products,Minneapolis,Minnesota,55426,www.generalmills.com,32500,18993,50195,2707,14.3,GIS,Jeffrey L. Harmening
220,Global Partners,Wholesalers: Diversified,Waltham,Massachusetts,2453,www.globalp.com,3585,18878,1055,362,1.9,GLP,Eric Slifka
221,Western Digital,"Computers, Office Equipment",San Jose,California,95119,www.westerndigital.com,65000,18793,12029,1500,8,WDC,David V. Goeckeler
222,Lincoln National,"Insurance: Life, Health (Stock)",Radnor,Pennsylvania,19087,www.lfg.com,11316,18766,3802,-2241,-11.9,LNC,Ellen G. Cooper
223,Ross Stores,Specialty Retailers: Apparel,Dublin,California,94568,www.rossstores.com,101000,18696,36302,1512,8.1,ROST,Barbara Rentler
224,Stryker,Medical Products and Equipment,Kalamazoo,Michigan,49002,www.stryker.com,51000,18449,108228,2358,12.8,SYK,Kevin A. Lobo
225,Kyndryl Holdings,Information Technology Services,New York,New York,10017,www.kyndryl.com,90000,18317,3358,-2054,-11.2,KD,Martin J. Schroeter
226,Kohl's,General Merchandisers,Menomonee Falls,Wisconsin,53051,www.kohls.com,66500,18098,2607,-19,-0.1,KSS,Tom Kingsbury
227,Stanley Black & Decker,"Home Equipment, Furnishings",New Britain,Connecticut,6053,www.stanleyblackanddecker.com,54200,18004,12333,1063,5.9,SWK,Donald Allan
228,Colgate-Palmolive,Household and Personal Products,New York,New York,10022,www.colgatepalmolive.com,33800,17967,62535,1785,9.9,CL,Noel R. Wallace
229,BlackRock,Securities,New York,New York,10001,www.blackrock.com,19800,17873,100526,5178,29,BLK,
230,Fiserv,Financial Data Services,Brookfield,Wisconsin,53045,www.fiserv.com,41000,17737,70997,2530,14.3,FISV,Frank J. Bisignano
230,Estée Lauder,Household and Personal Products,New York,New York,10153,www.elcompanies.com,53865,17737,88041,2390,13.5,EL,Fabrizio Freda
232,PPG Industries,Chemicals,Pittsburgh,Pennsylvania,15272,www.ppg.com,52000,17652,31439,1026,5.8,PPG,Timothy M. Knavish
233,Adobe,Computer Software,San Jose,California,95110,www.adobe.com,29239,17606,176769,4756,27,ADBE,Shantanu Narayen
234,Block,Financial Data Services,San Francisco,California,94103,www.block.xyz,12428,17532,41329,-541,-3.1,SQ,Jack Dorsey
235,Synchrony Financial,Diversified Financials,Stamford,Connecticut,6902,www.synchrony.com,18500,17526,12709,3016,17.2,SYF,Brian D. Doubles
236,Principal Financial,"Insurance: Life, Health (Stock)",Des Moines,Iowa,50392,www.principal.com,19300,17492,18068,4812,27.5,PFG,
237,Lumen Technologies,Telecommunications,Monroe,Louisiana,71203,www.lumen.com,29000,17478,2654,-1548,-8.9,LUMN,Kathleen E. Johnson
238,Corteva,Food Production,Indianapolis,Indiana,46268,www.corteva.com,21000,17455,42977,1147,6.6,CTVA,Chuck Magro
239,Andersons,Food Production,Maumee,Ohio,43537,www.andersonsinc.com,2244,17351,1396,131,0.8,ANDE,Patrick E. Bowe
240,Lam Research,Semiconductors and Other Electronic Components,Fremont,California,94538,www.lamresearch.com,17700,17227,71532,4605,26.7,LRCX,Timothy M. Archer
241,Edison International,Utilities: Gas and Electric,Rosemead,California,91770,www.edisoninvestor.com,13110,17220,27010,612,3.6,EIX,Pedro J. Pizarro
242,Dominion Energy,Utilities: Gas and Electric,Richmond,Virginia,23219,www.dominionenergy.com,17200,17174,46699,994,5.8,D,Robert M. Blue
243,Booking Holdings,Internet Services and Retailing,Norwalk,Connecticut,6854,www.bookingholdings.com,21492,17090,99859,3058,17.9,BKNG,Glenn D. Fogel
244,Quanta Services,Engineering & Construction,Houston,Texas,77008,www.quantaservices.com,47300,17074,23996,491,2.9,PWR,"Earl C. ""Duke"" Austin"
245,Expeditors International of Washington,Transportation and Logistics,Seattle,Washington,98104,www.expeditors.com,20302,17071,17009,1357,8,EXPD,Jeff Musser
246,L3Harris Technologies,Aerospace & Defense,Melbourne,Florida,32919,www.l3harris.com,46000,17062,37277,1062,6.2,LHX,
247,Reliance Steel & Aluminum,Metals,Scottsdale,Arizona,85254,www.rsac.com,14750,17025,15142,1840,10.8,RS,Karla R. Lewis
248,Live Nation Entertainment,Entertainment,Beverly Hills,California,90210,www.livenationentertainment.com,20550,16681,16211,296,1.8,LYV,Michael Rapino
249,DISH Network,Telecommunications,Englewood,Colorado,80112,www.dish.com,14200,16679,4956,2303,13.8,DISH,Erik Carlson
250,DuPont,Chemicals,Wilmington,Delaware,19805,www.dupont.com,23000,16549,32895,5868,35.5,DD,Edward D. Breen
251,Automatic Data Processing,Diversified Outsourcing Services,Roseland,New Jersey,7068,www.adp.com,60000,16498,92247,2949,17.9,ADP,Maria Black
252,Group 1 Automotive,"Automotive Retailing, Services",Houston,Texas,77024,www.group1auto.com,15491,16412,3194,752,4.6,GPI,Daryl Kenningham
253,Aramark,Diversified Outsourcing Services,Philadelphia,Pennsylvania,19103,www.aramark.com,273875,16327,9326,195,1.2,ARMK,John J. Zillmer
254,Thor Industries,Motor Vehicles & Parts,Elkhart,Indiana,46514,www.thorindustries.com,32000,16313,4262,1138,7,THO,
255,DXC Technology,Information Technology Services,Ashburn,Virginia,20147,www.dxc.technology,130000,16265,5820,718,4.4,DXC,
256,Viatris,Pharmaceuticals,Canonsburg,Pennsylvania,15317,www.viatris.com,37000,16263,11513,2079,12.8,VTRS,Scott A. Smith
257,Reinsurance Group of America,"Insurance: Life, Health (Stock)",Chesterfield,Montana,63017,www.rgare.com,3800,16258,8876,623,3.8,RGA,
258,AutoZone,Specialty Retailers: Other,Memphis,Tennessee,38103,www.autozone.com,90720,16252,45224,2430,14.9,AZO,William C. Rhodes Iii
259,PulteGroup,Homebuilders,Atlanta,Georgia,30326,www.pultegroupinc.com,6524,16229,13073,2617,16.1,PHM,Ryan R. Marshall
260,Illinois Tool Works,Industrial Machinery,Glenview,Illinois,60025,www.itw.com,46000,15932,74209,3034,19,ITW,Scott Santi
261,Parker-Hannifin,Industrial Machinery,Cleveland,Ohio,44124,www.parker.com,55090,15862,43112,1316,8.3,PH,Jennifer A. Parmentier
262,BorgWarner,Motor Vehicles & Parts,Auburn Hills,Michigan,48326,www.borgwarner.com,52700,15801,11481,944,6,BWA,Frederic B. Lissalde
263,Westlake,Chemicals,Houston,Texas,77056,www.westlake.com,15920,15794,14812,2247,14.2,WLK,Albert Yuan Chao
264,Consolidated Edison,Utilities: Gas and Electric,New York,New York,10003,www.conedison.com,14319,15670,33967,1660,10.6,ED,Timothy P. Cawley
265,Gap,Specialty Retailers: Apparel,San Francisco,California,94105,www.gapinc.com,95000,15616,3693,-202,-1.3,GPS,Bobby Martin
266,Opendoor Technologies,Internet Services and Retailing,Tempe,Arizona,85281,www.opendoor.com,2570,15567,1131,-1353,-8.7,OPEN,Carrie Wheeler
267,Nordstrom,General Merchandisers,Seattle,Washington,98101,www.nordstrom.com,60000,15530,2606,245,1.6,JWN,Erik B. Nordstrom
268,Asbury Automotive Group,"Automotive Retailing, Services",Duluth,Georgia,30097,www.asburyauto.com,13000,15434,4557,997,6.5,ABG,David W. Hult
269,Ball,"Packaging, Containers",Westminster,Colorado,80021,www.ball.com,21000,15349,17326,719,4.7,BALL,Dan Fisher
270,Kellogg,Food Consumer Products,Battle Creek,Michigan,49017,www.kelloggcompany.com,30000,15315,22945,960,6.3,K,Steven A. Cahillane
271,Xcel Energy,Utilities: Gas and Electric,Minneapolis,Minnesota,55401,www.xcelenergy.com,11982,15310,37082,1736,11.3,XEL,Bob Frenzel
272,W.W. Grainger,Wholesalers: Diversified,Lake Forest,Illinois,60045,www.grainger.com,24500,15228,34622,1547,10.2,GWW,Donald G. Macpherson
273,Discover Financial Services,Commercial Banks,Riverwoods,Illinois,60015,www.discover.com,20200,15202,25635,4392,28.9,DFS,Roger C. Hochschild
274,Baxter International,Medical Products and Equipment,Deerfield,Illinois,60015,www.baxter.com,60000,15113,20504,-2433,-16.1,BAX,Jose E Almeida
275,Southwestern Energy,"Mining, Crude-Oil Production",Spring,Texas,77389,www.swn.com,1118,15002,5506,1849,12.3,SWN,Bill Way
276,DCP Midstream,Pipelines,Denver,Colorado,80237,www.dcpmidstream.com,1910,14993,8701,1052,7,DCP,
277,Jacobs Solutions,Engineering & Construction,Dallas,Texas,75201,www.jacobs.com,58350,14923,14890,644,4.3,J,Bob Pragada
278,Laboratory Corp. of America,Health Care: Pharmacy and Other Services,Burlington,North Carolina,27215,www.labcorp.com,75200,14877,20304,1279,8.6,LH,Adam H. Schechter
279,CSX,Railroads,Jacksonville,Florida,32202,www.csx.com,22542,14853,61330,4166,28,CSX,Joseph R. Hinrichs
280,J.B. Hunt Transport Services,"Trucking, Truck Leasing",Lowell,Arkansas,72745,www.jbhunt.com,37151,14814,18208,969,6.5,JBHT,John N. Roberts Iii
281,Guardian Life Ins. Co. of America,"Insurance: Life, Health (Mutual)",New York,New York,10001,www.guardianlife.com,8025,14653,,71,0.5,,Andrew J. Mcmahon
282,Jackson Financial,"Insurance: Life, Health (Stock)",Lansing,Michigan,48951,www.jackson.com,3435,14551,3078,5697,39.2,JXN,Laura L. Prieskorn
283,Fidelity National Information Services,Financial Data Services,Jacksonville,Florida,32202,www.fisglobal.com,69000,14528,32160,-16720,-115.1,FIS,Stephanie Ferris
284,Berry Global Group,"Packaging, Containers",Evansville,Indiana,47710,www.berryglobal.com,46000,14495,7151,766,5.3,BERY,Thomas E. Salmon
285,Sempra,Utilities: Gas and Electric,San Diego,California,92101,www.sempra.com,15785,14439,47563,2138,14.8,SRE,
286,IQVIA Holdings,Health Care: Pharmacy and Other Services,Durham,North Carolina,27703,www.iqvia.com,86000,14410,37022,1091,7.6,IQV,Ari Bousbib
287,O'Reilly Automotive,Specialty Retailers: Other,Springfield,Montana,65802,www.oreillyauto.com,79679,14410,52269,2173,15.1,ORLY,Gregory D. Johnson
288,Leidos Holdings,Information Technology Services,Reston,Virginia,20190,www.leidos.com,45000,14396,12630,685,4.8,LDOS,Thomas A. Bell
289,Ameriprise Financial,Diversified Financials,Minneapolis,Minnesota,55474,www.ameriprise.com,13500,14347,32228,2559,17.8,AMP,James M. Cracchiolo
290,Omnicom Group,"Advertising, Marketing",New York,New York,10017,www.omnicomgroup.com,74200,14289,19001,1317,9.2,OMC,John D. Wren
291,Tractor Supply,Specialty Retailers: Other,Brentwood,Tennessee,37027,www.tractorsupply.com,36500,14205,25830,1089,7.7,TSCO,Harry A. Lawton Iii
292,Corning,"Electronics, Electrical Equip.",Corning,New York,14831,www.corning.com,57500,14189,29890,1316,9.3,GLW,Wendell P. Weeks
293,Ecolab,Chemicals,St. Paul,Minnesota,55102,www.ecolab.com,47000,14188,47121,1092,7.7,ECL,Christophe Beck
294,Icahn Enterprises,Diversified Financials,Sunny Isles Beach,Florida,33160,www.ielp.com,20041,14101,18283,-183,-1.3,IEP,David Willetts
295,Farmers Insurance Exchange,Insurance: Property and Casualty (Mutual),Woodland Hills,California,91367,www.farmers.com,11344,14092,,-314,-2.2,,Raul Vargas
296,Keurig Dr Pepper,Beverages,Burlington,Massachusetts,1803,www.keurigdrpepper.com,28000,14057,49620,1436,10.2,KDP,Robert J. Gamgort
297,Loews,Insurance: Property and Casualty (Stock),New York,New York,10065,www.loews.com,12050,14044,13395,1012,7.2,L,James S. Tisch
298,Equitable Holdings,"Insurance: Life, Health (Stock)",New York,New York,10104,www.equitableholdings.com,10250,14017,9186,1785,12.7,EQH,Mark Pearson
299,Sonic Automotive,"Automotive Retailing, Services",Charlotte,North Carolina,28211,www.sonicautomotive.com,10300,14001,1930,89,0.6,SAH,David Bruton Smith
300,Fox,Entertainment,New York,New York,10036,www.foxcorporation.com,10600,13974,17551,1205,8.6,FOXA,Lachlan K. Murdoch
301,American Family Insurance Group,Insurance: Property and Casualty (Stock),Madison,Wisconsin,53783,www.amfam.com,12990,13814,,-1904,-13.8,,Bill Westrate
302,Entergy,Utilities: Gas and Electric,New Orleans,Louisiana,70113,www.entergy.com,11707,13764,22851,1103,8,ETR,Andrew S. Marsh
303,Fluor,Engineering & Construction,Irving,Texas,75039,www.fluor.com,39576,13744,4392,145,1.1,FLR,David E. Constable
304,Vistra,Energy,Irving,Texas,75039,www.vistracorp.com,4910,13728,9155,-1227,-8.9,VST,
305,State Street,Commercial Banks,Boston,Massachusetts,2111,www.statestreet.com,42226,13692,26074,2774,20.3,STT,Ronald P. O'Hanley
306,Otis Worldwide,Industrial Machinery,Farmington,Connecticut,6032,www.otis.com,69000,13685,35015,1253,9.2,OTIS,Judith F. Marks
307,Peter Kiewit Sons',Engineering & Construction,Omaha,Nebraska,68102,www.kiewit.com,25700,13663,,710,5.2,,Rick Lanoha
308,Carvana,"Automotive Retailing, Services",Tempe,Arizona,85281,www.carvana.com,16600,13604,1761,-1587,-11.7,CVNA,Ernest C. Garcia Iii
309,Republic Services,Waste Management,Phoenix,Arizona,85054,www.republicservices.com,40000,13511,42763,1488,11,RSG,Jon Vander Ark
310,AECOM,Engineering & Construction,Dallas,Texas,75240,www.aecom.com,50000,13496,11716,311,2.3,ACM,Troy Rudd
311,Universal Health Services,Health Care: Medical Facilities,King of Prussia,Pennsylvania,19406,www.uhs.com,82500,13399,8982,676,5,UHS,Marc D. Miller
312,Pacific Life,"Insurance: Life, Health (Stock)",Newport Beach,California,92660,www.pacificlife.com,3950,13360,,763,5.7,,Darryl Button
313,VMware,Computer Software,Palo Alto,California,94304,www.vmware.com,38300,13350,53496,1314,9.8,VMW,Raghu Raghuram
314,Western & Southern Financial Group,"Insurance: Life, Health (Mutual)",Cincinnati,Ohio,45202,www.westernsouthern.com,2594,13156,,309,2.4,,John F. Barrett
315,MGM Resorts International,"Hotels, Casinos, Resorts",Las Vegas,Nevada,89109,www.mgmresorts.com,66000,13128,16564,1473,11.2,MGM,William J. Hornbuckle
316,Casey's General Stores,Specialty Retailers: Other,Ankeny,Iowa,50021,www.caseys.com,31466,12953,8066,340,2.6,CASY,Darren Rebelez
317,Crown Holdings,"Packaging, Containers",Tampa,Florida,33637,www.crowncork.com,26000,12943,9934,727,5.6,CCK,Timothy J. Donahue
318,Textron,Aerospace & Defense,Providence,Rhose Island,2903,www.textron.com,34000,12869,14385,861,6.7,TXT,Scott C. Donnelly
319,LKQ,Wholesalers: Diversified,Chicago,Illinois,60661,www.lkqcorp.com,45000,12794,15171,1149,9,LKQ,Dominick P. Zarcone
320,Norfolk Southern,Railroads,Atlanta,Georgia,30308,www.norfolksouthern.com,19300,12745,48257,3270,25.7,NSC,Alan H. Shaw
321,Intuit,Computer Software,Mountain View,California,94043,www.intuit.com,21850,12726,125076,2066,16.2,INTU,Sasan K. Goodarzi
322,Air Products & Chemicals,Chemicals,Allentown,Pennsylvania,18106,www.airproducts.com,20805,12699,63784,2256,17.8,APD,Seifi Ghasemi
323,Boston Scientific,Medical Products and Equipment,Marlborough,Massachusetts,1752,www.bostonscientific.com,45000,12682,71910,698,5.5,BSX,Michael F. Mahoney
324,AGCO,Construction and Farm Machinery,Duluth,Georgia,30096,www.agcocorp.com,25600,12651,10119,890,7,AGCO,Eric P. Hansotia
325,Henry Schein,Wholesalers: Health Care,Melville,New York,11747,www.henryschein.com,22000,12647,10705,538,4.3,HSIC,Stanley M. Bergman
326,Amphenol,Network and Other Communications Equipment,Wallingford,Connecticut,6492,www.amphenol.com,91000,12623,48591,1902,15.1,APH,Adam Norwitt
327,AES,Utilities: Gas and Electric,Arlington,Virginia,22203,www.aes.com,9100,12617,16110,-546,-4.3,AES,Andres R. Gluski
328,Mutual of Omaha Insurance,"Insurance: Life, Health (Mutual)",Omaha,Nebraska,68175,www.mutualofomaha.com,6350,12531,,-177,-1.4,,James T. Blackledge
329,Ovintiv,"Mining, Crude-Oil Production",Denver,Colorado,80202,www.ovintiv.com,1744,12464,8772,3637,29.2,OVV,Brendan M. Mccracken
330,Hormel Foods,Food Consumer Products,Austin,Minnesota,55912,www.hormelfoods.com,20000,12459,21796,1000,8,HRL,Jim(James) Snee
331,Alcoa,Metals,Pittsburgh,Pennsylvania,15212,www.alcoa.com,13100,12451,7591,-123,-1,AA,Roy C. Harvey
332,International Flavors & Fragrances,Chemicals,New York,New York,10019,www.iff.com,24600,12440,23456,-1871,-15,IFF,Frank Clyburn
333,Jones Financial (Edward Jones),Securities,Des Peres,Montana,63131,www.edwardjones.com,52000,12411,,1404,11.3,,Penny Pennington
334,Dick's Sporting Goods,Specialty Retailers: Other,Coraopolis,Pennsylvania,15108,www.dickssportinggoods.com,35800,12368,12148,1043,8.4,DKS,Lauren R. Hobart
335,Eversource Energy,Utilities: Gas and Electric,Springfield,Massachusetts,1104,www.eversource.com,9626,12289,27287,1405,11.4,ES,Joseph R. Nolan
336,Wayfair,Internet Services and Retailing,Boston,Massachusetts,2116,www.wayfair.com,15745,12218,3796,-1331,-10.9,W,Niraj S. Shah
337,Community Health Systems,Health Care: Medical Facilities,Franklin,Tennessee,37067,www.chs.net,58500,12211,670,46,0.4,CYH,Tim L. Hingten
338,Ally Financial,Diversified Financials,Detroit,Michigan,48226,www.ally.com,11600,12199,7668,1714,14.1,ALLY,Jeffrey J. Brown
339,Regeneron Pharmaceuticals,Pharmaceuticals,Tarrytown,New York,10591,www.regeneron.com,11851,12173,89830,4338,35.6,REGN,Leonard S. Schleifer
340,Liberty Media,Entertainment,Englewood,Colorado,80112,www.libertymedia.com,7283,12164,9130,1815,14.9,LSXMA,Gregory B. Maffei
341,APA,"Mining, Crude-Oil Production",Houston,Texas,77056,www.apacorp.com,2273,12132,11213,3674,30.3,APA,John J. Christmann Iv
342,Qurate Retail,Internet Services and Retailing,Englewood,Colorado,80112,www.qurateretail.com,24683,12106,406,-2594,-21.4,QRTEA,David Rawlinson Ii
343,FirstEnergy,Utilities: Gas and Electric,Akron,Ohio,44308,www.firstenergycorp.com,12335,12053,22924,406,3.4,FE,Brian X. Tierney
344,Analog Devices,Semiconductors and Other Electronic Components,Wilmington,Massachusetts,1887,www.analog.com,24450,12014,99764,2749,22.9,ADI,Vincent T. Roche
345,Ryder System,Transportation and Logistics,Miami,Florida,33178,www.ryder.com,48300,12011,4147,867,7.2,R,Robert E. Sanchez
346,Avis Budget Group,"Automotive Retailing, Services",Parsippany,New Jersey,7054,www.avisbudgetgroup.com,21500,11994,7689,2764,23,CAR,Joseph A. Ferraro
347,Unum Group,"Insurance: Life, Health (Stock)",Chattanooga,Tennessee,37402,www.unum.com,10801,11991,7805,1314,11,UNM,Richard P. Mckenney
348,Newmont,"Mining, Crude-Oil Production",Denver,Colorado,80237,www.newmont.com,14600,11915,38947,-429,-3.6,NEM,Thomas R. Palmer
349,VF,Apparel,Denver,Colorado,80202,www.vfc.com,27650,11842,8904,1387,11.7,VFC,Benno Dorer
350,Chesapeake Energy,"Mining, Crude-Oil Production",Oklahoma City,Oklahoma,73118,www.chk.com,1200,11743,10244,4936,42,CHK,Nick Dell'Osso
351,Mohawk Industries,"Home Equipment, Furnishings",Calhoun,Georgia,30701,www.mohawkind.com,40900,11737,6368,25,0.2,MHK,Jeffrey S. Lorberbaum
352,Markel,Insurance: Property and Casualty (Stock),Glen Allen,Virginia,23060,www.markel.com,20900,11675,17094,-214,-1.8,MKL,Thomas S. Gayner
353,Expedia Group,Internet Services and Retailing,Seattle,Washington,98119,www.expediagroup.com,16500,11667,14879,352,3,EXPE,Peter M. Kern
354,Caesars Entertainment,"Hotels, Casinos, Resorts",Reno,Nevada,89501,www.caesars.com,49000,11647,10503,-899,-7.7,CZR,Thomas R. Reeg
355,United Rentals,Equipment Leasing,Stamford,Connecticut,6902,www.unitedrentals.com,24600,11642,27460,2105,18.1,URI,Matthew J. Flannery
356,Apollo Global Management,Securities,New York,New York,10019,www.apollo.com,4258,11627,36042,-3213,-27.6,APO,Marc Rowan
357,DaVita,Health Care: Medical Facilities,Denver,Colorado,80202,www.davita.com,70000,11610,7332,560,4.8,DVA,Javier J. Rodriguez
358,Hess,"Mining, Crude-Oil Production",New York,New York,10036,www.hess.com,1623,11570,40520,2096,18.1,HES,John B. Hess
359,Fidelity National Financial,Insurance: Property and Casualty (Stock),Jacksonville,Florida,32204,www.fnf.com,21759,11556,9508,1136,9.8,FNF,Mike Nolan
360,Conagra Brands,Food Consumer Products,Chicago,Illinois,60654,www.conagrabrands.com,18000,11536,17902,888,7.7,CAG,Sean M. Connolly
361,Univar Solutions,Wholesalers: Diversified,Downers Grove,Illinois,60515,www.univarsolutions.com,9746,11475,5521,545,4.8,UNVR,David C. Jukes
362,Auto-Owners Insurance,Insurance: Property and Casualty (Mutual),Lansing,Michigan,48917,www.auto-owners.com,6733,11407,,-55,-0.5,,Jamie Whisnant
363,Raymond James Financial,Securities,St. Petersburg,Florida,33716,www.raymondjames.com,17000,11308,20086,1509,13.3,RJF,Paul C. Reilly
364,Seaboard,Food Production,Merriam,Kansas,66202,www.seaboardcorp.com,12614,11243,4376,580,5.2,SEB,Robert L. Steer
365,CF Industries Holdings,Chemicals,Deerfield,Illinois,60015,www.cfindustries.com,2659,11186,14206,3346,29.9,CF,Tony Will
366,S&P Global,Financial Data Services,New York,New York,10041,www.spglobal.com,39950,11181,113066,3248,29,SPGI,Douglas L. Peterson
367,W.R. Berkley,Insurance: Property and Casualty (Stock),Greenwich,Connecticut,6830,www.berkley.com,8186,11167,16402,1381,12.4,WRB,Robert Berkley
368,Advance Auto Parts,Specialty Retailers: Other,Raleigh,North Carolina,27609,www.advanceautoparts.com,53500,11155,7208,502,4.5,AAP,Thomas R. Greco
369,EMCOR Group,Engineering & Construction,Norwalk,Connecticut,6851,www.emcorgroup.com,35500,11076,7754,406,3.7,EME,
370,Williams,Pipelines,Tulsa,Oklahoma,74172,www.williams.com,5043,10965,36394,2049,18.7,WMB,Alan S. Armstrong
371,Interpublic Group,"Advertising, Marketing",New York,New York,10022,www.interpublic.com,58400,10928,14341,938,8.6,IPG,Phillippe Krakowsky
372,TravelCenters of America,Specialty Retailers: Other,Westlake,Ohio,44145,www.ta-petro.com,17195,10845,1306,164,1.5,TA,Jonathan M. Pertchik
373,American Tower,Real Estate,Boston,Massachusetts,2116,www.americantower.com,6391,10711,95150,1766,16.5,AMT,Thomas A. Bartlett
374,Molson Coors Beverage,Beverages,Chicago,Illinois,60606,www.molsoncoors.com,16600,10701,11360,-175,-1.6,TAP,Gavin D.K. Hattersley
375,Huntington Ingalls Industries,Aerospace & Defense,Newport News,Virginia,23607,www.hii.com,43000,10676,8265,579,5.4,HII,Christopher D. Kastner
376,NVR,Homebuilders,Reston,Virginia,20190,www.nvrinc.com,6550,10580,18096,1726,16.3,NVR,Eugene J. Bredow
377,Eastman Chemical,Chemicals,Kingsport,Tennessee,37660,www.eastman.com,14500,10580,10048,793,7.5,EMN,
378,Graybar Electric,Wholesalers: Diversified,St. Louis,Montana,63105,www.graybar.com,9400,10534,,453,4.3,,Kathleen M. Mazzarella
379,Insight Enterprises,Information Technology Services,Chandler,Arizona,85286,www.insight.com,13448,10431,4833,281,2.7,NSIT,Joyce Mullen
380,Hershey,Food Consumer Products,Hershey,Pennsylvania,17033,www.thehersheycompany.com,18970,10419,51909,1645,15.8,HSY,Michele G. Buck
381,News Corp.,"Publishing, Printing",New York,New York,10036,www.newscorp.com,25500,10385,9972,623,6,NWSA,Robert J. Thomson
382,Toll Brothers,Homebuilders,Fort Washington,Pennsylvania,19034,www.tollbrothers.com,5200,10276,6647,1287,12.5,TOL,Douglas C. Yearley Jr.
383,Ulta Beauty,Specialty Retailers: Other,Bolingbrook,Illinois,60440,www.ulta.com,35750,10209,27390,1242,12.2,ULTA,David C. Kimbell
384,Assurant,Insurance: Property and Casualty (Stock),Atlanta,Georgia,30339,www.assurant.com,13700,10193,6354,277,2.7,AIZ,Keith W. Demmings
385,Weyerhaeuser,Forest and Paper Products,Seattle,Washington,98104,www.weyerhaeuser.com,9264,10184,22082,1880,18.5,WY,Devin W. Stockfish
386,Biogen,Pharmaceuticals,Cambridge,Massachusetts,2142,www.biogen.com,8725,10173,40171,3047,29.9,BIIB,Christopher A. Viehbacher
387,Dana,Motor Vehicles & Parts,Maumee,Ohio,43537,www.dana.com,41800,10156,2172,-242,-2.4,DAN,James K. Kamsickas
388,UGI,Utilities: Gas and Electric,King of Prussia,Pennsylvania,19406,www.ugicorp.com,10000,10106,7284,1073,10.6,UGI,Roger Perreault
389,Chewy,Internet Services and Retailing,Plantation,Florida,33322,www.chewy.com,19400,10099,15959,49,0.5,CHWY,Sumit Singh
390,Owens & Minor,Wholesalers: Health Care,Mechanicsville,Virginia,23116,www.owens-minor.com,22500,9956,1109,22,0.2,OMI,Edward A. Pesicka
391,Quest Diagnostics,Health Care: Pharmacy and Other Services,Secaucus,New Jersey,7094,www.questdiagnostics.com,44500,9883,15750,946,9.6,DGX,James E. Davis
392,Public Service Enterprise Group,Utilities: Gas and Electric,Newark,New Jersey,7102,www.pseg.com,12525,9800,31148,1031,10.5,PEG,Ralph A. Larossa
393,Ebay,Internet Services and Retailing,San Jose,California,95125,www.ebay.com,11600,9795,23821,-1269,-13,EBAY,Jamie Iannone
394,MasTec,Engineering & Construction,Coral Gables,Florida,33134,www.mastec.com,32000,9778,7441,33,0.3,MTZ,Jose R. Mas
395,Owens Corning,"Building Materials, Glass",Toledo,Ohio,43659,www.owenscorning.com,19000,9761,8697,1241,12.7,OC,Brian D. Chambers
396,Celanese,Chemicals,Irving,Texas,75039,www.celanese.com,13263,9673,12068,1894,19.6,CE,Lori J. Ryerkerk
397,Altice USA,Telecommunications,Long Island City,New York,11101,www.alticeusa.com,11000,9648,1560,195,2,ATUS,Dennis Mathew
398,Alaska Air Group,Airlines,Seattle,Washington,98188,www.alaskaair.com,24196,9646,5348,58,0.6,ALK,Benito Minicucci
399,SpartanNash,Wholesalers: Food and Grocery,Byron Center,Michigan,49315,www.spartannash.com,14000,9643,870,35,0.4,SPTN,Tony Sarsam
400,Diamondback Energy,"Mining, Crude-Oil Production",Midland,Texas,79701,www.diamondbackenergy.com,972,9643,24816,4386,45.5,FANG,Travis D. Stice
401,Intercontinental Exchange,Securities,Atlanta,Georgia,30328,www.ice.com,8911,9636,58372,1446,15,ICE,Jeffrey C. Sprecher
402,Darden Restaurants,Food Services,Orlando,Florida,32837,www.darden.com,178956,9630,18884,953,9.9,DRI,Rick Cardenas
403,UFP Industries,"Building Materials, Glass",Grand Rapids,Michigan,49525,www.ufpi.com,15500,9627,4964,693,7.2,UFPI,Matthew J. Missad
404,WEC Energy Group,Utilities: Gas and Electric,Milwaukee,Wisconsin,53203,www.wecenergygroup.com,7022,9597,29900,1408,14.7,WEC,Scott J. Lauber
405,Yum China Holdings,Food Services,Plano,Texas,75074,ir.yumchina.com,275500,9569,26517,442,4.6,YUMC,Joey Wat
406,EnLink Midstream,Pipelines,Dallas,Texas,75201,www.enlink.com,1132,9542,5102,361,3.8,ENLC,Jesse Arenivas
407,Continental Resources,"Mining, Crude-Oil Production",Oklahoma City,Oklahoma,73102,www.clr.com,1404,9474,,4025,42.5,,Robert D. Lawler
408,Newell Brands,"Home Equipment, Furnishings",Atlanta,Georgia,30328,www.newellbrands.com,28000,9459,5145,197,2.1,NWL,Christopher H. Peterson
409,Graphic Packaging Holding,"Packaging, Containers",Atlanta,Georgia,30328,www.graphicpkg.com,24000,9440,7829,522,5.5,GPK,Michael Doss
410,Olin,Chemicals,Clayton,Montana,63105,www.olin.com,7780,9376,7263,1327,14.2,OLN,Scott M. Sutton
411,Fifth Third Bancorp,Commercial Banks,Cincinnati,Ohio,45263,www.53.com,19319,9353,18143,2446,26.2,FITB,Tim Spence
412,Thrivent Financial for Lutherans,"Insurance: Life, Health (Mutual)",Minneapolis,Minnesota,55415,www.thrivent.com,3692,9347,,1085,11.6,,Teresa J. Rasmussen
413,CenterPoint Energy,Utilities: Gas and Electric,Houston,Texas,77002,www.centerpointenergy.com,8986,9321,18589,1057,11.3,CNP,David J. Lesar
414,Erie Insurance Group,Insurance: Property and Casualty (Mutual),Erie,Pennsylvania,16530,www.erieinsurance.com,5997,9296,,-577,-6.2,,Timothy G. Necastro
415,CommScope Holding,Network and Other Communications Equipment,Hickory,North Carolina,28602,www.commscope.com,30000,9228,1336,-1287,-13.9,COMM,Charles L. Treadway
416,KLA,Semiconductors and Other Electronic Components,Milpitas,California,95035,www.kla.com,14140,9212,55277,3322,36.1,KLAC,Rick Wallace
417,JetBlue Airways,Airlines,Long Island City,New York,11101,www.jetblue.com,18785,9158,2383,-362,-4,JBLU,Robin Hayes
418,Motorola Solutions,Network and Other Communications Equipment,Chicago,Illinois,60661,www.motorolasolutions.com,20000,9112,47917,1363,15,MSI,Gregory Q. Brown
419,Citizens Financial Group,Commercial Banks,Providence,Rhose Island,2903,www.citizensbank.com,18889,9069,14709,2073,22.9,CFG,Bruce W. Van Saun
420,Coterra Energy,"Mining, Crude-Oil Production",Houston,Texas,77024,www.coterra.com,1225,9051,18786,4065,44.9,CTRA,Thomas E. Jorden
421,Avery Dennison,"Packaging, Containers",Mentor,Ohio,44060,www.averydennison.com,36000,9039,14513,757,8.4,AVY,Mitchell R. Butier
422,PVH,Apparel,New York,New York,10017,www.pvh.com,25000,9024,5592,200,2.2,PVH,Stefan Larsson
423,GXO Logistics,Transportation and Logistics,Greenwich,Connecticut,6831,www.gxo.com,112000,8993,5993,197,2.2,GXO,Malcolm Wilson
424,Polaris,Transportation Equipment,Medina,Minnesota,55340,www.polaris.com,16200,8987,6304,447,5,PII,Michael T. Speetzen
425,Global Payments,Financial Data Services,Atlanta,Georgia,30326,www.globalpaymentsinc.com,25000,8976,27761,112,1.2,GPN,Jeffrey S. Sloan
426,Arconic,Metals,Pittsburgh,Pennsylvania,15212,www.arconic.com,11550,8961,2607,-182,-2,ARNC,Timothy D. Myers
427,Vertex Pharmaceuticals,Pharmaceuticals,Boston,Massachusetts,2210,www.vrtx.com,4800,8931,81002,3322,37.2,VRTX,Reshma Kewalramani
428,Commercial Metals,Metals,Irving,Texas,75039,www.cmc.com,12483,8914,5727,1217,13.7,CMC,Barbara R. Smith
429,Autoliv,Motor Vehicles & Parts,Auburn Hills,Michigan,48326,www.autoliv.com,65300,8842,8013,423,4.8,ALV,Mikael Bratt
430,Constellation Brands,Beverages,Victor,New York,14564,www.cbrands.com,10000,8821,41688,-40,-0.5,STZ,Bill Newlands
431,Hilton Worldwide Holdings,"Hotels, Casinos, Resorts",McLean,Virginia,22102,www.hilton.com,159000,8773,37535,1255,14.3,HLT,Christopher J. Nassetta
432,Foot Locker,Specialty Retailers: Apparel,New York,New York,10001,www.footlocker.com/corp,31040,8759,3708,342,3.9,FL,Mary N. Dillon
433,Huntsman,Chemicals,The Woodlands,Texas,77380,www.huntsman.com,7000,8715,5025,460,5.3,HUN,Peter R. Huntsman
434,Burlington Stores,Specialty Retailers: Apparel,Burlington,New Jersey,8016,www.burlingtoninvestors.com,38018,8703,13123,230,2.6,BURL,Michael B. O’Sullivan
435,Hertz Global Holdings,"Automotive Retailing, Services",Estero,Florida,33928,www.hertz.com,25000,8685,5252,2059,23.7,HTZ,Stephen M. Scherr
436,Masco,"Home Equipment, Furnishings",Livonia,Michigan,48152,www.masco.com,19000,8680,11207,844,9.7,MAS,Keith J. Allman
437,Williams-Sonoma,Specialty Retailers: Other,San Francisco,California,94109,www.williams-sonomainc.com,16800,8674,8057,1128,13,WSM,Laura J. Alber
438,Chipotle Mexican Grill,Food Services,Newport Beach,California,92660,www.chipotle.com,104958,8635,47186,899,10.4,CMG,Brian R. Niccol
439,M&T Bank,Commercial Banks,Buffalo,New York,14203,www.mtb.com,22509,8604,20093,1992,23.1,MTB,Rene F. Jones
440,LPL Financial Holdings,Securities,San Diego,California,92121,www.lpl.com,6415,8601,15914,846,9.8,LPLA,Dan H. Arnold
441,CMS Energy,Utilities: Gas and Electric,Jackson,Michigan,49201,www.cmsenergy.com,8817,8596,17902,837,9.7,CMS,Garrick J. Rochow
442,Campbell Soup,Food Consumer Products,Camden,New Jersey,8103,www.campbellsoupcompany.com,14700,8562,16465,757,8.8,CPB,Mark A. Clouse
443,Arthur J. Gallagher,Diversified Financials,Rolling Meadows,Illinois,60008,www.ajg.com,43640,8551,40955,1114,13,AJG,Patrick Gallagher
444,Blackstone,Diversified Financials,New York,New York,10154,www.blackstone.com,4695,8518,62048,1748,20.5,BX,Stephen A. Schwarzman
445,Dover,Industrial Machinery,Downers Grove,Illinois,60515,www.dovercorporation.com,25000,8508,21237,1065,12.5,DOV,Richard J. Tobin
446,ODP,Specialty Retailers: Other,Boca Raton,Florida,33496,www.theodpcorp.com,25000,8491,1806,166,2,ODP,Gerry P. Smith
447,Packaging Corp. of America,"Packaging, Containers",Lake Forest,Illinois,60045,www.packagingcorp.com,15100,8478,12479,1030,12.1,PKG,Mark W. Kowlzan
448,Brighthouse Financial,"Insurance: Life, Health (Stock)",Charlotte,North Carolina,28277,www.brighthousefinancial.com,1500,8473,2986,5,0.1,BHF,
449,Beacon Roofing Supply,Wholesalers: Diversified,Herndon,Virginia,20170,www.becn.com,7478,8430,3781,458,5.4,BECN,Julian G. Francis
450,Airbnb,Internet Services and Retailing,San Francisco,California,94103,www.airbnb.com,6811,8399,79682,1893,22.5,ABNB,Brian Chesky
451,Boise Cascade,Wholesalers: Diversified,Boise,Idaho,83702,www.bc.com,6840,8387,2506,858,10.2,BCC,
452,Booz Allen Hamilton Holding,Information Technology Services,McLean,Virginia,22102,www.boozallen.com,29300,8364,12261,467,5.6,BAH,Horacio D. Rozanski
453,Westinghouse Air Brake Technologies,Industrial Machinery,Pittsburgh,Pennsylvania,15212,www.wabteccorp.com,27000,8362,18226,633,7.6,WAB,Rafael O. Santana
454,ON Semiconductor,Semiconductors and Other Electronic Components,Scottsdale,Arizona,85250,www.onsemi.com,31055,8326,35560,1902,22.8,ON,Hassane El-Khoury
455,Oshkosh,Construction and Farm Machinery,Oshkosh,Wisconsin,54902,www.oshkoshcorp.com,15000,8282,5445,174,2.1,OSK,John C. Pfeifer
456,Franklin Resources,Securities,San Mateo,California,94403,www.franklinresources.com,9800,8275,13480,1292,15.6,BEN,Jenny Johnson
457,Taylor Morrison Home,Homebuilders,Scottsdale,Arizona,85251,www.taylormorrison.com,3000,8225,4144,1053,12.8,TMHC,Sheryl D. Palmer
458,A-Mark Precious Metals,Wholesalers: Diversified,El Segundo,California,90245,www.amark.com,381,8159,815,133,1.6,AMRK,Gregory N. Roberts
459,KeyCorp,Commercial Banks,Cleveland,Ohio,44114,www.key.com,17660,8130,11579,1917,23.6,KEY,Christopher M. Gorman
460,ARKO,Specialty Retailers: Other,Richmond,Virginia,23227,www.arkocorp.com,12223,8128,1020,72,0.9,ARKO,Arie Kotler
461,Lululemon athletica,Specialty Retailers: Apparel,Sumner,Washington,98390,www.lululemon.com,34000,8111,46312,855,10.5,LULU,Calvin Mcdonald
462,Old Republic International,Insurance: Property and Casualty (Stock),Chicago,Illinois,60601,www.oldrepublic.com,9500,8084,7399,686,8.5,ORI,Craig R. Smiddy
463,Zoetis,Pharmaceuticals,Parsippany,New Jersey,7054,www.zoetis.com,13800,8080,77053,2114,26.2,ZTS,Kristin C. Peck
464,Marathon Oil,"Mining, Crude-Oil Production",Houston,Texas,77024,www.marathonoil.com,1570,8036,15087,3612,44.9,MRO,Lee M. Tillman
465,J.M. Smucker,Food Consumer Products,Orrville,Ohio,44667,www.jmsmucker.com,6700,7999,16781,632,7.9,SJM,Mark T. Smucker
466,Huntington Bancshares,Commercial Banks,Columbus,Ohio,43287,www.huntington.com,19920,7950,16236,2238,28.2,HBAN,Stephen D. Steinour
467,NGL Energy Partners,Pipelines,Tulsa,Oklahoma,74136,www.nglenergypartners.com,842,7948,381,-185,-2.3,NGL,Michael Krimbill
468,Ingredion,Food Production,Westchester,Illinois,60154,www.ingredion.com,11700,7946,6711,492,6.2,INGR,James (Jim) Zallie
469,Fortune Brands Innovations,"Building Materials, Glass",Deerfield,Illinois,60015,www.fbin.com,11200,7923,7457,687,8.7,FBIN,Nicholas Fink
470,PPL,Utilities: Gas and Electric,Allentown,Pennsylvania,18101,www.pplweb.com,6527,7902,20472,756,9.6,PPL,Vincent Sorgi
471,Sanmina,Semiconductors and Other Electronic Components,San Jose,California,95134,www.sanmina.com,36000,7891,3559,256,3.2,SANM,Jure Sola
472,Bed Bath & Beyond,Specialty Retailers: Other,Union,New Jersey,7083,www.bedbathandbeyond.com,32000,7868,183,-560,-7.1,BBBY,Sue E. Gove
473,Cintas,Diversified Outsourcing Services,Cincinnati,Ohio,45262,www.cintas.com,43000,7855,47042,1236,15.7,CTAS,Todd M. Schneider
474,NCR,"Computers, Office Equipment",Atlanta,Georgia,30308,www.ncr.com,35000,7844,3304,60,0.8,NCR,Michael Hayford
475,ABM Industries,Diversified Outsourcing Services,New York,New York,10006,www.abm.com,127000,7807,2971,230,3,ABM,Scott B. Salmirs
476,Rockwell Automation,"Electronics, Electrical Equip.",Milwaukee,Wisconsin,53204,www.rockwellautomation.com,26000,7760,33683,932,12,ROK,Blake D. Moret
477,Northern Trust,Commercial Banks,Chicago,Illinois,60603,www.northerntrust.com,23600,7752,18309,1336,17.2,NTRS,Michael G. O'Grady
478,XPO,Transportation and Logistics,Greenwich,Connecticut,6831,www.xpo.com,39500,7718,3685,666,8.6,XPO,Mario A. Harik
479,Science Applications International,Information Technology Services,Reston,Virginia,20190,www.saic.com,25000,7704,5871,300,3.9,SAIC,Nazzic S. Keene
480,Ameren,Utilities: Gas and Electric,St. Louis,Missouri,63103,www.ameren.com,9244,7662,22675,1074,14,AEE,Martin J. Lyons Jr.
481,First American Financial,Insurance: Property and Casualty (Stock),Santa Ana,California,92707,www.firstam.com,21153,7605,5750,263,3.5,FAF,Kenneth D. Degiorgio
482,Bath & Body Works,Specialty Retailers: Other,Columbus,Ohio,43230,www.bbwinc.com,33000,7560,8368,800,10.6,BBWI,Gina Boswell
483,Regions Financial,Commercial Banks,Birmingham,Alabama,35203,www.regions.com,20073,7531,17346,2245,29.8,RF,John M. Turner Jr.
484,Activision Blizzard,Entertainment,Santa Monica,California,90404,www.activisionblizzard.com,13000,7528,67126,1513,20.1,ATVI,Bobby Kotick
485,Avantor,"Scientific, Photographic and Control Equipment",Radnor,Pennsylvania,19087,www.avantorsciences.com,14500,7512,14271,687,9.1,AVTR,Michael Stubblefield
486,Genworth Financial,"Insurance: Life, Health (Stock)",Richmond,Virginia,23230,www.genworth.com,2500,7507,2477,609,8.1,GNW,Thomas J. Mcinerney
487,EQT,Energy,Pittsburgh,Pennsylvania,15222,www.eqt.com,744,7498,11499,1771,23.6,EQT,Toby Z. Rice
488,Skechers U.S.A.,Apparel,Manhattan Beach,California,90266,www.skechers.com,11450,7445,7379,373,5,SKX,Robert Greenberg
489,Landstar System,"Trucking, Truck Leasing",Jacksonville,Florida,32224,www.landstar.com,1449,7440,6457,431,5.8,LSTR,James B. Gattoni
490,Knight-Swift Transportation Holdings,"Trucking, Truck Leasing",Phoenix,Arizona,85027,www.knight-swift.com,28300,7429,9106,771,10.4,KNX,David A. Jackson
491,SVB Financial Group,Commercial Banks,Santa Clara,California,95054,www.svb.com,8553,7401,54,1672,22.6,SIVBQ,William Kosturos
492,Par Pacific Holdings,Petroleum Refining,Houston,Texas,77024,www.parpacific.com,1397,7322,1773,364,5,PARR,William C. Pate
493,Albemarle,Chemicals,Charlotte,North Carolina,28209,www.albemarle.com,7400,7320,25928,2690,36.7,ALB,Kent Masters
494,Vulcan Materials,"Building Materials, Glass",Birmingham,Alabama,35242,www.vulcanmaterials.com,11974,7315,22827,576,7.9,VMC,Thomas Hill
495,Watsco,Wholesalers: Diversified,Miami,Florida,33133,www.watsco.com,7238,7274,12354,601,8.3,WSO,Albert H. Nahmad
496,KKR,Securities,New York,New York,10001,www.kkr.com,4150,7273,45225,-841,-11.6,KKR,Joseph Y. Bae
497,Equinix,Real Estate,Redwood City,California,94065,www.equinix.com,12097,7263,66873,704,9.7,EQIX,Charles Meyers
498,Sonoco Products,"Packaging, Containers",Hartsville,South Carolina,29550,www.sonoco.com,22000,7251,5975,466,6.4,SON,Howard Coker
499,ServiceNow,Computer Software,Santa Clara,California,95054,www.servicenow.com,20433,7245,94338,325,4.5,NOW,Bill Mcdermott
500,Robert Half International,Temporary Help,Menlo Park,California,94025,www.roberthalf.com,16300,7238,8677,658,9.1,RHI,Keith Waddell
